{
  "vertex":[
    [1.000000, -1.000000, -1.000000],
    [1.000000, -1.000000, 1.000000],
    [-1.000000, -1.000000, 1.000000],
    [-1.000000, -1.000000, -1.000000],
    [1.000000, 1.000000, -0.999999],
    [0.999999, 1.000000, 1.000001],
    [-1.000000, 1.000000, 1.000000],
    [-1.000000, 1.000000, -1.000000]
  ],
  "light": {
    "ambient": [{
      "intensity" : 0.4,
      "color" : [1.0, 1.0, 1.0]
    }],
    "directional": [{
      "intensity" : 1.0,
      "color": [1.0, 1.0, 1.0],
      "pos": [0.0, 0.0, 1.0]
    }]
  },
  "texture":[
    [1.0000, 0.0000],
    [0.0000, 1.0000],
    [0.0000, 0.0000],
    [1.0000, 0.0000],
    [0.0000, 1.0000],
    [0.0000, 0.0000],
    [1.0000, 0.0000],
    [0.0000, 1.0000],
    [1.0000, 0.0000],
    [0.0000, 1.0000],
    [0.0000, 0.0000],
    [0.0000, 0.0000],
    [1.0000, 1.0000],
    [1.0000, 0.0000],
    [0.0000, 1.0000],
    [1.0000, 1.0000],
    [1.0000, 1.0000],
    [1.0000, 1.0000],
    [1.0000, 0.0000],
    [1.0000, 1.0000]
  ],
  "normal":[
    [0.0000, -1.0000, 0.0000],
    [0.0000, 1.0000, 0.0000],
    [1.0000, -0.0000, 0.0000],
    [0.0000, -0.0000, 1.0000],
    [-1.0000, -0.0000, -0.0000],
    [0.0000, 0.0000, -1.0000]
  ],
  "color":[
    [0.8, 0.1, 0.02],
    [1, 0.5, 0.25],
    [0, 0.25, 0.5],
    [0.5, 0.5, 0.5],
    [0.25, 0, 0.5],
    [0, 1, 0.5]
  ],
  "face":[
    [[2,1,1], [4,2,1], [1,3,1]],
    [[8,4,2], [6,5,2], [5,6,2]],
    [[5,7,3], [2,8,3], [1,3,3]],
    [[6,9,4], [3,10,4], [2,11,4]],
    [[3,12,5], [8,13,5], [4,2,5]],
    [[1,14,6], [8,15,6], [5,6,6]],
    [[2,1,1], [3,16,1], [4,2,1]],
    [[8,4,2], [7,17,2], [6,5,2]],
    [[5,7,3], [6,18,3], [2,8,3]],
    [[6,9,4], [7,17,4], [3,10,4]],
    [[3,12,5], [7,19,5], [8,13,5]],
    [[1,14,6], [4,20,6], [8,15,6]]
  ]
}